Respondent ID;Collector ID;Start Date;End Date;IP Address;Email Address;First Name;Last Name;Custom Data 1;Ég er;Ég nota;Gervigreindin sem ég nota er;;Þegar ég spyr gervigreindina að einhverju;
;;;;;;;;;Response;Response;Response;Annað, hvað?;Response;nota ég annað tungumál, hvaða?
1,19117E+11;464548087;2026-05-11 10:57:35;2026-05-11 10:58:16;194.144.239.210;;;;;60-69 ára.;oft gervigreind.;Annað, hvað?;ChatGPT, CoPilot, Al mode á netinu;nota ég ýmist íslensku eða ensku.;
1,19116E+11;464548087;2026-05-09 23:37:05;2026-05-09 23:37:28;157.157.148.176;;;;;50-59 ára.;stundum gervigreind.;ChatGPT;;nota ég ensku.;
1,19116E+11;464548087;2026-05-09 23:35:26;2026-05-09 23:36:53;157.157.148.176;;;;;50-59 ára.;stundum gervigreind.;Annað, hvað?;Co pilot;nota ég ýmist íslensku eða ensku.;
1,19116E+11;464548087;2026-05-09 23:32:56;2026-05-09 23:33:12;157.157.148.176;;;;;40-49 ára.;stundum gervigreind.;Claude (Anthropic);;nota ég ýmist íslensku eða ensku.;
1,19116E+11;464548087;2026-05-09 16:51:59;2026-05-09 16:52:35;213.220.125.50;;;;;50-59 ára.;oft gervigreind.;Annað, hvað?;Copilot;nota ég ýmist íslensku eða ensku.;
1,19114E+11;464548087;2026-05-07 11:08:19;2026-05-07 11:08:37;213.220.100.180;;;;;30-39 ára.;stundum gervigreind.;ChatGPT;;nota ég ýmist íslensku eða ensku.;
1,19114E+11;464548087;2026-05-06 15:51:44;2026-05-06 15:53:13;213.220.100.177;;;;;60-69 ára.;oft gervigreind.;Annað, hvað?;Gemini og Copilot og ChatGPT;nota ég ýmist íslensku eða ensku.;
1,19114E+11;464548087;2026-05-06 10:56:18;2026-05-06 11:01:29;213.220.100.180;;;;;30-39 ára.;stundum gervigreind.;Annað, hvað?;Notebook LM (Google);nota ég ýmist íslensku eða ensku.;
1,19113E+11;464548087;2026-05-06 09:15:49;2026-05-06 09:16:47;213.190.110.104;;;;;60-69 ára.;stundum gervigreind.;Claude (Anthropic);;nota ég ensku.;
1,19113E+11;464548087;2026-05-05 23:22:39;2026-05-05 23:23:05;81.15.96.106;;;;;40-49 ára.;stundum gervigreind.;Gemini (Google);;nota ég íslensku.;
1,19113E+11;464548087;2026-05-05 22:25:16;2026-05-05 22:25:31;89.160.215.109;;;;;60-69 ára.;aldrei gervigreind.;;;;
1,19113E+11;464548087;2026-05-05 17:57:39;2026-05-05 17:59:42;89.160.133.26;;;;;60-69 ára.;stundum gervigreind.;Gemini (Google);;nota ég ensku.;
1,19113E+11;464548087;2026-05-05 16:46:28;2026-05-05 16:46:50;213.220.100.180;;;;;60-69 ára.;stundum gervigreind.;ChatGPT;;nota ég íslensku.;
1,19113E+11;464548087;2026-05-05 14:55:10;2026-05-05 14:55:27;194.144.178.145;;;;;50-59 ára.;oft gervigreind.;Claude (Anthropic);;nota ég íslensku.;
1,19113E+11;464548087;2026-05-05 11:37:50;2026-05-05 11:38:11;213.220.100.177;;;;;60-69 ára.;oft gervigreind.;ChatGPT;;nota ég ýmist íslensku eða ensku.;
1,19113E+11;464548087;2026-05-05 11:01:01;2026-05-05 11:01:56;213.220.67.246;;;;;60-69 ára.;stundum gervigreind.;ChatGPT;;nota ég íslensku.;
1,19113E+11;464548087;2026-05-05 10:53:01;2026-05-05 10:53:22;157.157.113.211;;;;;19-29 ára.;stundum gervigreind.;ChatGPT;;nota ég ýmist íslensku eða ensku.;
1,19113E+11;464548087;2026-05-05 10:42:48;2026-05-05 10:43:09;194.144.239.210;;;;;50-59 ára.;oft gervigreind.;ChatGPT;;nota ég íslensku.;
1,19113E+11;464548087;2026-05-05 10:23:42;2026-05-05 10:24:47;213.220.100.177;;;;;60-69 ára.;stundum gervigreind.;ChatGPT;;nota ég ýmist íslensku eða ensku.;
1,19113E+11;464548087;2026-05-05 10:03:21;2026-05-05 10:04:15;89.17.138.213;;;;;40-49 ára.;oft gervigreind.;Annað, hvað?;Claude, Gemini, ChatGPT (í þessari röð);nota ég ýmist íslensku eða ensku.;
1,19113E+11;464548087;2026-05-05 07:04:25;2026-05-05 07:05:25;85.220.3.142;;;;;70 ára eða eldri.;stundum gervigreind.;Annað, hvað?;AI;nota ég íslensku.;
1,19113E+11;464548087;2026-05-05 06:26:14;2026-05-05 06:26:32;46.182.187.206;;;;;60-69 ára.;stundum gervigreind.;ChatGPT;;nota ég íslensku.;
1,19112E+11;464548087;2026-05-05 00:43:26;2026-05-05 00:43:49;85.220.79.62;;;;;18 ára eða yngri.;stundum gervigreind.;Annað, hvað?;Copilot;nota ég íslensku.;
1,19112E+11;464548087;2026-05-04 22:50:45;2026-05-04 22:51:13;31.209.158.7;;;;;50-59 ára.;stundum gervigreind.;ChatGPT;;nota ég ýmist íslensku eða ensku.;
1,19112E+11;464548087;2026-05-04 21:33:09;2026-05-04 21:33:38;194.144.179.134;;;;;50-59 ára.;stundum gervigreind.;ChatGPT;;nota ég íslensku.;
1,19112E+11;464548087;2026-05-04 20:56:21;2026-05-04 20:56:54;89.17.142.101;;;;;50-59 ára.;oft gervigreind.;Claude (Anthropic);;nota ég ýmist íslensku eða ensku.;
1,19112E+11;464548087;2026-05-04 19:58:14;2026-05-04 19:58:39;213.220.70.116;;;;;40-49 ára.;stundum gervigreind.;ChatGPT;;nota ég ýmist íslensku eða ensku.;
1,19112E+11;464548087;2026-05-04 18:33:43;2026-05-04 18:33:58;185.191.233.189;;;;;19-29 ára.;stundum gervigreind.;Gemini (Google);;nota ég íslensku.;
1,19112E+11;464548087;2026-05-04 16:45:10;2026-05-04 16:45:40;85.220.3.41;;;;;50-59 ára.;aldrei gervigreind.;Annað, hvað?;Engin;;
1,19112E+11;464548087;2026-05-04 15:57:38;2026-05-04 15:58:15;157.157.114.87;;;;;60-69 ára.;stundum gervigreind.;ChatGPT;;nota ég ýmist íslensku eða ensku.;
1,19112E+11;464548087;2026-05-04 15:14:06;2026-05-04 15:14:17;157.157.113.136;;;;;50-59 ára.;stundum gervigreind.;Claude (Anthropic);;nota ég íslensku.;
1,19112E+11;464548087;2026-05-04 14:59:02;2026-05-04 14:59:45;213.220.100.177;;;;;40-49 ára.;oft gervigreind.;Annað, hvað?;CoPilot;nota ég ýmist íslensku eða ensku.;
1,19112E+11;464548087;2026-05-04 14:58:33;2026-05-04 14:59:20;78.72.134.105;;;;;50-59 ára.;stundum gervigreind.;ChatGPT;;nota ég ýmist íslensku eða ensku.;
1,19112E+11;464548087;2026-05-04 14:51:17;2026-05-04 14:51:35;194.144.239.210;;;;;50-59 ára.;oft gervigreind.;ChatGPT;;nota ég íslensku.;
1,19112E+11;464548087;2026-05-04 14:26:14;2026-05-04 14:26:28;213.220.100.180;;;;;50-59 ára.;aldrei gervigreind.;;;;
1,19112E+11;464548087;2026-05-04 14:05:58;2026-05-04 14:07:22;194.144.239.210;;;;;60-69 ára.;stundum gervigreind.;ChatGPT;;nota ég íslensku.;
1,19112E+11;464548087;2026-05-04 13:48:31;2026-05-04 13:48:56;176.20.172.178;;;;;50-59 ára.;stundum gervigreind.;ChatGPT;;nota ég ýmist íslensku eða ensku.;
1,19112E+11;464548087;2026-05-04 12:49:53;2026-05-04 12:50:07;213.220.100.180;;;;;60-69 ára.;aldrei gervigreind.;;;;
1,19112E+11;464548087;2026-05-04 12:36:50;2026-05-04 12:37:06;31.209.139.220;;;;;19-29 ára.;oft gervigreind.;ChatGPT;;nota ég íslensku.;
1,19112E+11;464548087;2026-05-04 12:28:39;2026-05-04 12:29:06;213.220.100.177;;;;;50-59 ára.;oft gervigreind.;ChatGPT;;nota ég íslensku.;
1,19112E+11;464548087;2026-05-04 11:45:54;2026-05-04 11:46:19;46.182.186.192;;;;;19-29 ára.;oft gervigreind.;ChatGPT;;nota ég ýmist íslensku eða ensku.;
1,19112E+11;464548087;2026-05-04 11:38:11;2026-05-04 11:38:54;157.157.41.25;;;;;60-69 ára.;stundum gervigreind.;Gemini (Google);;nota ég íslensku.;
1,19112E+11;464548087;2026-05-04 11:36:18;2026-05-04 11:36:42;213.220.100.177;;;;;40-49 ára.;stundum gervigreind.;ChatGPT;;nota ég íslensku.;
1,19112E+11;464548087;2026-05-04 10:59:11;2026-05-04 10:59:29;157.157.63.59;;;;;19-29 ára.;oft gervigreind.;ChatGPT;;nota ég íslensku.;
1,19112E+11;464548087;2026-05-04 10:47:58;2026-05-04 10:48:27;194.144.239.210;;;;;60-69 ára.;stundum gervigreind.;ChatGPT;;nota ég ýmist íslensku eða ensku.;
1,19112E+11;464548087;2026-05-04 10:40:29;2026-05-04 10:40:52;213.220.100.190;;;;;50-59 ára.;stundum gervigreind.;ChatGPT;;nota ég ýmist íslensku eða ensku.;
1,19112E+11;464548087;2026-05-04 10:21:35;2026-05-04 10:22:10;153.92.155.221;;;;;50-59 ára.;aldrei gervigreind.;;;;
1,19112E+11;464548087;2026-05-04 10:19:42;2026-05-04 10:20:03;130.208.252.23;;;;;19-29 ára.;oft gervigreind.;ChatGPT;;nota ég ýmist íslensku eða ensku.;
1,19112E+11;464548087;2026-05-04 10:18:51;2026-05-04 10:19:12;213.220.100.180;;;;;19-29 ára.;aldrei gervigreind.;Annað, hvað?;Ekkert;nota ég íslensku.;
1,19112E+11;464548087;2026-05-04 10:04:44;2026-05-04 10:05:01;213.220.100.180;;;;;19-29 ára.;stundum gervigreind.;ChatGPT;;nota ég ýmist íslensku eða ensku.;
1,19112E+11;464548087;2026-05-04 10:02:33;2026-05-04 10:02:58;89.160.208.181;;;;;70 ára eða eldri.;stundum gervigreind.;ChatGPT;;nota ég íslensku.;
1,19112E+11;464548087;2026-05-04 09:58:33;2026-05-04 09:59:00;213.220.100.177;;;;;60-69 ára.;stundum gervigreind.;ChatGPT;;nota ég ýmist íslensku eða ensku.;
1,19112E+11;464548087;2026-05-04 09:47:07;2026-05-04 09:47:36;31.209.140.52;;;;;70 ára eða eldri.;oft gervigreind.;ChatGPT;;nota ég ýmist íslensku eða ensku.;
1,19112E+11;464548087;2026-05-04 09:24:52;2026-05-04 09:25:25;46.182.186.90;;;;;30-39 ára.;stundum gervigreind.;Annað, hvað?;Og chatGPT;nota ég íslensku.;
1,19112E+11;464548087;2026-05-04 09:21:21;2026-05-04 09:23:12;193.109.23.90;;;;;19-29 ára.;stundum gervigreind.;Gemini (Google);;nota ég ensku.;
1,19112E+11;464548087;2026-05-04 08:21:35;2026-05-04 08:22:02;213.220.100.190;;;;;50-59 ára.;aldrei gervigreind.;;;;
1,19112E+11;464548087;2026-05-04 08:11:13;2026-05-04 08:11:50;213.220.100.180;;;;;50-59 ára.;stundum gervigreind.;Gemini (Google);;nota ég ýmist íslensku eða ensku.;
1,19112E+11;464548087;2026-05-04 06:26:10;2026-05-04 06:26:56;88.161.142.157;;;;;50-59 ára.;stundum gervigreind.;Annað, hvað?;deepl;nota ég annað tungumál, hvaða?;ýmist frönsku eða íslensku, örsjaldan ensku
1,19112E+11;464548087;2026-05-04 02:35:06;2026-05-04 02:35:23;130.208.240.24;;;;;19-29 ára.;stundum gervigreind.;ChatGPT;;nota ég ýmist íslensku eða ensku.;
1,19112E+11;464548087;2026-05-04 00:03:08;2026-05-04 00:03:28;157.157.151.18;;;;;40-49 ára.;oft gervigreind.;Gemini (Google);;nota ég ýmist íslensku eða ensku.;
1,19112E+11;464548087;2026-05-03 23:19:06;2026-05-03 23:19:54;89.160.190.92;;;;;50-59 ára.;stundum gervigreind.;Gemini (Google);;nota ég íslensku.;
1,19112E+11;464548087;2026-05-03 22:44:00;2026-05-03 22:44:25;157.157.162.166;;;;;19-29 ára.;stundum gervigreind.;ChatGPT;;nota ég ensku.;
1,19112E+11;464548087;2026-05-03 22:41:31;2026-05-03 22:41:46;81.15.106.103;;;;;40-49 ára.;oft gervigreind.;ChatGPT;;nota ég ýmist íslensku eða ensku.;
1,19112E+11;464548087;2026-05-03 22:14:18;2026-05-03 22:14:37;89.160.168.25;;;;;50-59 ára.;stundum gervigreind.;Gemini (Google);;nota ég ensku.;
1,19112E+11;464548087;2026-05-03 21:41:13;2026-05-03 21:41:46;81.15.99.218;;;;;19-29 ára.;stundum gervigreind.;ChatGPT;;nota ég ýmist íslensku eða ensku.;
1,19112E+11;464548087;2026-05-03 21:30:53;2026-05-03 21:31:07;157.97.5.154;;;;;50-59 ára.;aldrei gervigreind.;;;;
1,19112E+11;464548087;2026-05-03 21:27:47;2026-05-03 21:28:20;213.220.68.204;;;;;50-59 ára.;aldrei gervigreind.;Gemini (Google);;nota ég ensku.;
1,19112E+11;464548087;2026-05-03 21:21:39;2026-05-03 21:22:35;194.105.229.154;;;;;50-59 ára.;oft gervigreind.;Annað, hvað?;Chatgpt og Claude;nota ég ýmist íslensku eða ensku.;
1,19112E+11;464548087;2026-05-03 21:19:16;2026-05-03 21:19:45;85.220.18.26;;;;;40-49 ára.;aldrei gervigreind.;;;;
1,19112E+11;464548087;2026-05-03 20:53:25;2026-05-03 20:53:54;89.160.176.145;;;;;60-69 ára.;stundum gervigreind.;Annað, hvað?;Perplexity;nota ég ýmist íslensku eða ensku.;
1,19112E+11;464548087;2026-05-03 20:51:32;2026-05-03 20:51:43;157.157.114.162;;;;;19-29 ára.;stundum gervigreind.;ChatGPT;;nota ég ensku.;
1,19112E+11;464548087;2026-05-03 20:18:32;2026-05-03 20:21:32;85.220.48.101;;;;;50-59 ára.;aldrei gervigreind.;Annað, hvað?;Ekkert, ef möguleiki er á. Nota Google, ef það flokkast sem gervigreind.;nota ég annað tungumál, hvaða?;Íslensku, ensku, frönsku, spænsku, dönsku ef Google flokkast sem gervigreind...
1,19112E+11;464548087;2026-05-03 20:14:57;2026-05-03 20:15:17;194.105.229.78;;;;;19-29 ára.;oft gervigreind.;ChatGPT;;nota ég ýmist íslensku eða ensku.;
1,19112E+11;464548087;2026-05-03 19:44:12;2026-05-03 19:44:34;31.209.194.158;;;;;60-69 ára.;stundum gervigreind.;Claude (Anthropic);;nota ég ýmist íslensku eða ensku.;
1,19112E+11;464548087;2026-05-03 19:38:17;2026-05-03 19:38:30;194.105.229.198;;;;;19-29 ára.;stundum gervigreind.;ChatGPT;;nota ég íslensku.;
1,19112E+11;464548087;2026-05-03 19:00:44;2026-05-03 19:01:02;46.182.186.29;;;;;19-29 ára.;oft gervigreind.;ChatGPT;;nota ég íslensku.;
1,19112E+11;464548087;2026-05-03 17:51:56;2026-05-03 17:52:21;157.157.132.31;;;;;19-29 ára.;aldrei gervigreind.;;;;
1,19112E+11;464548087;2026-05-03 17:29:58;2026-05-03 17:30:16;46.182.188.56;;;;;50-59 ára.;aldrei gervigreind.;;;;
1,19112E+11;464548087;2026-05-03 17:18:00;2026-05-03 17:18:21;37.205.36.165;;;;;50-59 ára.;oft gervigreind.;ChatGPT;;nota ég ýmist íslensku eða ensku.;
1,19112E+11;464548087;2026-05-03 16:54:40;2026-05-03 16:55:00;153.92.158.207;;;;;50-59 ára.;stundum gervigreind.;Gemini (Google);;nota ég ýmist íslensku eða ensku.;
1,19112E+11;464548087;2026-05-03 16:50:18;2026-05-03 16:52:11;157.157.113.89;;;;;60-69 ára.;stundum gervigreind.;ChatGPT;;nota ég íslensku.;
1,19112E+11;464548087;2026-05-03 16:47:51;2026-05-03 16:48:06;89.160.200.143;;;;;19-29 ára.;stundum gervigreind.;ChatGPT;;nota ég íslensku.;
1,19112E+11;464548087;2026-05-03 16:44:41;2026-05-03 16:44:57;46.182.186.194;;;;;19-29 ára.;stundum gervigreind.;ChatGPT;;nota ég ýmist íslensku eða ensku.;
1,19112E+11;464548087;2026-05-03 16:41:06;2026-05-03 16:42:58;157.157.113.117;;;;;40-49 ára.;stundum gervigreind.;Annað, hvað?;Copilot í vinnunni - en hef líka notað chat gpt og claude,;nota ég ýmist íslensku eða ensku.;
1,19112E+11;464548087;2026-05-03 16:33:53;2026-05-03 16:34:05;81.15.106.103;;;;;40-49 ára.;oft gervigreind.;ChatGPT;;nota ég ýmist íslensku eða ensku.;
1,19112E+11;464548087;2026-05-03 16:30:19;2026-05-03 16:30:33;46.182.188.154;;;;;18 ára eða yngri.;oft gervigreind.;ChatGPT;;nota ég ýmist íslensku eða ensku.;
1,19112E+11;464548087;2026-05-03 16:27:27;2026-05-03 16:27:44;194.144.46.24;;;;;50-59 ára.;stundum gervigreind.;ChatGPT;;nota ég ýmist íslensku eða ensku.;
1,19112E+11;464548087;2026-05-03 16:25:23;2026-05-03 16:25:36;194.144.103.49;;;;;30-39 ára.;stundum gervigreind.;ChatGPT;;nota ég ýmist íslensku eða ensku.;
1,19112E+11;464548087;2026-05-03 16:23:19;2026-05-03 16:23:41;46.182.188.151;;;;;50-59 ára.;oft gervigreind.;ChatGPT;;nota ég ýmist íslensku eða ensku.;
1,19112E+11;464548087;2026-05-03 16:17:31;2026-05-03 16:18:01;104.207.29.130;;;;;50-59 ára.;stundum gervigreind.;Annað, hvað?;Perplexity;nota ég ensku.;
1,19112E+11;464548087;2026-05-03 16:17:19;2026-05-03 16:17:33;46.182.184.185;;;;;19-29 ára.;stundum gervigreind.;ChatGPT;;nota ég ýmist íslensku eða ensku.;
1,19112E+11;464548087;2026-05-03 16:16:34;2026-05-03 16:16:56;46.182.186.173;;;;;19-29 ára.;aldrei gervigreind.;;;;
1,19112E+11;464548087;2026-05-03 16:07:03;2026-05-03 16:07:27;85.220.65.239;;;;;50-59 ára.;oft gervigreind.;ChatGPT;;nota ég ýmist íslensku eða ensku.;
1,19112E+11;464548087;2026-05-03 15:56:27;2026-05-03 15:56:46;157.157.177.213;;;;;18 ára eða yngri.;stundum gervigreind.;ChatGPT;;nota ég íslensku.;
1,19112E+11;464548087;2026-05-03 15:50:44;2026-05-03 15:50:58;185.66.215.73;;;;;19-29 ára.;oft gervigreind.;ChatGPT;;nota ég ýmist íslensku eða ensku.;
1,19112E+11;464548087;2026-05-03 15:48:37;2026-05-03 15:48:50;173.73.143.140;;;;;19-29 ára.;oft gervigreind.;ChatGPT;;nota ég ensku.;
1,19112E+11;464548087;2026-05-03 15:27:51;2026-05-03 15:28:17;90.5.64.144;;;;;50-59 ára.;stundum gervigreind.;Annað, hvað?;Copilot;nota ég ýmist íslensku eða ensku.;
1,19112E+11;464548087;2026-05-03 15:24:05;2026-05-03 15:24:25;46.182.188.140;;;;;40-49 ára.;stundum gervigreind.;Gemini (Google);;nota ég íslensku.;
1,19112E+11;464548087;2026-05-03 15:19:19;2026-05-03 15:19:36;157.157.193.190;;;;;19-29 ára.;stundum gervigreind.;ChatGPT;;nota ég ýmist íslensku eða ensku.;
1,19112E+11;464548087;2026-05-03 15:17:40;2026-05-03 15:18:05;213.167.138.208;;;;;19-29 ára.;stundum gervigreind.;Annað, hvað?;deepseek;nota ég ensku.;
1,19112E+11;464548087;2026-05-03 15:15:47;2026-05-03 15:16:12;157.157.164.238;;;;;19-29 ára.;stundum gervigreind.;Gemini (Google);;nota ég ýmist íslensku eða ensku.;
1,19112E+11;464548087;2026-05-03 15:15:03;2026-05-03 15:15:27;194.105.229.67;;;;;19-29 ára.;oft gervigreind.;ChatGPT;;nota ég ýmist íslensku eða ensku.;
1,19112E+11;464548087;2026-05-03 15:13:53;2026-05-03 15:14:08;194.105.229.203;;;;;19-29 ára.;oft gervigreind.;ChatGPT;;nota ég íslensku.;
1,19112E+11;464548087;2026-05-03 15:08:49;2026-05-03 15:09:07;157.157.31.51;;;;;50-59 ára.;stundum gervigreind.;ChatGPT;;nota ég íslensku.;
1,19112E+11;464548087;2026-05-03 15:08:35;2026-05-03 15:08:53;81.15.106.103;;;;;18 ára eða yngri.;oft gervigreind.;ChatGPT;;nota ég ýmist íslensku eða ensku.;
1,19112E+11;464548087;2026-05-03 14:58:45;2026-05-03 14:59:02;213.220.125.54;;;;;50-59 ára.;stundum gervigreind.;Claude (Anthropic);;nota ég ýmist íslensku eða ensku.;
1,19112E+11;464548087;2026-05-03 14:53:33;2026-05-03 14:53:54;31.209.159.15;;;;;50-59 ára.;oft gervigreind.;Claude (Anthropic);;nota ég ýmist íslensku eða ensku.;
1,19112E+11;464548087;2026-05-03 14:28:34;2026-05-03 14:29:22;82.37.117.207;;;;;40-49 ára.;stundum gervigreind.;Annað, hvað?;Claude og ChatGPT;nota ég ýmist íslensku eða ensku.;
1,19112E+11;464548087;2026-05-03 14:21:03;2026-05-03 14:21:27;145.79.198.243;;;;;30-39 ára.;aldrei gervigreind.;;;;
1,19112E+11;464548087;2026-05-03 14:11:17;2026-05-03 14:12:17;213.220.65.77;;;;;50-59 ára.;stundum gervigreind.;ChatGPT;;nota ég ýmist íslensku eða ensku.;
1,19112E+11;464548087;2026-05-03 14:05:16;2026-05-03 14:05:29;157.157.66.155;;;;;19-29 ára.;oft gervigreind.;ChatGPT;;nota ég íslensku.;
1,19112E+11;464548087;2026-05-03 14:04:12;2026-05-03 14:04:28;130.208.183.89;;;;;19-29 ára.;oft gervigreind.;ChatGPT;;nota ég íslensku.;
1,19112E+11;464548087;2026-05-03 13:59:14;2026-05-03 14:00:32;157.157.164.73;;;;;30-39 ára.;stundum gervigreind.;ChatGPT;;nota ég ýmist íslensku eða ensku.;
1,19112E+11;464548087;2026-05-03 13:52:05;2026-05-03 13:52:19;213.181.114.27;;;;;18 ára eða yngri.;oft gervigreind.;ChatGPT;;nota ég íslensku.;
1,19112E+11;464548087;2026-05-03 13:50:42;2026-05-03 13:51:06;130.208.183.68;;;;;60-69 ára.;stundum gervigreind.;ChatGPT;;nota ég annað tungumál, hvaða?;dönsku/sænsku
1,19112E+11;464548087;2026-05-03 13:46:51;2026-05-03 13:47:18;31.209.159.19;;;;;30-39 ára.;aldrei gervigreind.;Annað, hvað?;Nota ekki;;
1,19112E+11;464548087;2026-05-03 13:37:58;2026-05-03 13:38:17;46.182.188.11;;;;;40-49 ára.;stundum gervigreind.;ChatGPT;;nota ég ensku.;
1,19112E+11;464548087;2026-05-03 13:32:33;2026-05-03 13:33:56;130.208.78.115;;;;;50-59 ára.;stundum gervigreind.;Annað, hvað?;Er með áskrift að ChatGPT og get nýtt mér Gemini og Claude þar líka;nota ég ýmist íslensku eða ensku.;
1,19112E+11;464548087;2026-05-03 13:32:32;2026-05-03 13:33:13;213.220.66.200;;;;;70 ára eða eldri.;aldrei gervigreind.;;;;
1,19112E+11;464548087;2026-05-03 13:29:49;2026-05-03 13:30:05;89.160.188.242;;;;;18 ára eða yngri.;oft gervigreind.;ChatGPT;;nota ég ýmist íslensku eða ensku.;
1,19112E+11;464548087;2026-05-03 13:25:13;2026-05-03 13:25:30;85.220.44.235;;;;;18 ára eða yngri.;oft gervigreind.;ChatGPT;;nota ég ýmist íslensku eða ensku.;
1,19112E+11;464548087;2026-05-03 13:24:33;2026-05-03 13:25:01;185.152.118.219;;;;;19-29 ára.;stundum gervigreind.;Gemini (Google);;nota ég ýmist íslensku eða ensku.;
1,19112E+11;464548087;2026-05-03 13:24:30;2026-05-03 13:24:48;88.149.68.209;;;;;19-29 ára.;stundum gervigreind.;ChatGPT;;nota ég íslensku.;
1,19112E+11;464548087;2026-05-03 13:18:21;2026-05-03 13:18:36;46.182.184.38;;;;;19-29 ára.;stundum gervigreind.;ChatGPT;;nota ég íslensku.;
1,19112E+11;464548087;2026-05-03 13:02:46;2026-05-03 13:03:18;82.112.65.243;;;;;18 ára eða yngri.;stundum gervigreind.;Annað, hvað?;microsoft copilot;nota ég íslensku.;
1,19112E+11;464548087;2026-05-03 13:02:32;2026-05-03 13:02:49;153.92.143.149;;;;;18 ára eða yngri.;stundum gervigreind.;Gemini (Google);;nota ég íslensku.;
1,19112E+11;464548087;2026-05-03 12:59:34;2026-05-03 12:59:48;157.157.68.245;;;;;18 ára eða yngri.;oft gervigreind.;ChatGPT;;nota ég íslensku.;
1,19112E+11;464548087;2026-05-03 12:57:05;2026-05-03 12:57:44;157.157.113.243;;;;;40-49 ára.;stundum gervigreind.;Annað, hvað?;Claude, copilot og perplexity;nota ég ensku.;
1,19112E+11;464548087;2026-05-03 12:56:56;2026-05-03 12:57:11;46.182.188.223;;;;;50-59 ára.;oft gervigreind.;ChatGPT;;nota ég íslensku.;
1,19112E+11;464548087;2026-05-03 12:55:04;2026-05-03 12:55:48;82.112.65.240;;;;;40-49 ára.;aldrei gervigreind.;;;;
1,19112E+11;464548087;2026-05-03 12:54:54;2026-05-03 12:55:17;213.190.120.24;;;;;60-69 ára.;aldrei gervigreind.;;;;
1,19112E+11;464548087;2026-05-03 12:50:44;2026-05-03 12:51:52;85.86.243.78;;;;;50-59 ára.;aldrei gervigreind.;Annað, hvað?;Ekkert, nema þegar ég veit ekki af því að ég er að nota hana.;nota ég annað tungumál, hvaða?;Hér vantar möguleikann „Á ekki við“ en ég myndi hiklaust velja íslensku.
1,19112E+11;464548087;2026-05-03 12:47:35;2026-05-03 12:48:08;89.160.218.157;;;;;70 ára eða eldri.;stundum gervigreind.;ChatGPT;;nota ég íslensku.;
1,19112E+11;464548087;2026-05-03 12:44:48;2026-05-03 12:45:09;85.220.14.98;;;;;40-49 ára.;stundum gervigreind.;Claude (Anthropic);;nota ég ýmist íslensku eða ensku.;
1,19112E+11;464548087;2026-05-03 12:44:09;2026-05-03 12:44:21;157.157.251.127;;;;;19-29 ára.;stundum gervigreind.;ChatGPT;;nota ég íslensku.;
1,19112E+11;464548087;2026-05-03 12:41:56;2026-05-03 12:42:15;130.208.136.86;;;;;19-29 ára.;oft gervigreind.;ChatGPT;;nota ég íslensku.;
1,19112E+11;464548087;2026-05-03 12:41:41;2026-05-03 12:41:58;46.182.186.186;;;;;18 ára eða yngri.;oft gervigreind.;ChatGPT;;nota ég ýmist íslensku eða ensku.;
1,19112E+11;464548087;2026-05-03 12:40:15;2026-05-03 12:40:29;46.22.99.138;;;;;18 ára eða yngri.;oft gervigreind.;ChatGPT;;nota ég ýmist íslensku eða ensku.;
1,19112E+11;464548087;2026-05-03 12:37:03;2026-05-03 12:37:25;85.220.64.242;;;;;19-29 ára.;stundum gervigreind.;ChatGPT;;nota ég ýmist íslensku eða ensku.;
1,19112E+11;464548087;2026-05-03 12:36:14;2026-05-03 12:36:55;130.208.194.54;;;;;18 ára eða yngri.;oft gervigreind.;Annað, hvað?;Notebook lM, Thetawise og chatgpt;nota ég ýmist íslensku eða ensku.;
1,19112E+11;464548087;2026-05-03 12:34:04;2026-05-03 12:34:20;157.157.113.65;;;;;50-59 ára.;stundum gervigreind.;ChatGPT;;nota ég ýmist íslensku eða ensku.;
1,19112E+11;464548087;2026-05-03 12:32:41;2026-05-03 12:33:00;46.239.211.57;;;;;18 ára eða yngri.;oft gervigreind.;ChatGPT;;nota ég ýmist íslensku eða ensku.;
1,19112E+11;464548087;2026-05-03 12:31:02;2026-05-03 12:31:37;46.182.188.47;;;;;18 ára eða yngri.;oft gervigreind.;Annað, hvað?;Bæði Claude og ChatGPT en fyrir mismunandi verkefni;nota ég ýmist íslensku eða ensku.;
1,19112E+11;464548087;2026-05-03 12:30:51;2026-05-03 12:31:14;82.112.65.241;;;;;18 ára eða yngri.;oft gervigreind.;ChatGPT;;nota ég ýmist íslensku eða ensku.;
1,19112E+11;464548087;2026-05-03 12:30:12;2026-05-03 12:30:51;157.157.113.228;;;;;50-59 ára.;stundum gervigreind.;ChatGPT;;nota ég ýmist íslensku eða ensku.;
1,19112E+11;464548087;2026-05-03 12:30:22;2026-05-03 12:30:38;46.22.99.138;;;;;18 ára eða yngri.;oft gervigreind.;ChatGPT;;nota ég ýmist íslensku eða ensku.;
1,19112E+11;464548087;2026-05-03 12:26:59;2026-05-03 12:30:14;85.224.36.198;;;;;40-49 ára.;stundum gervigreind.;Annað, hvað?;Perplexity;nota ég ýmist íslensku eða ensku.;
1,19112E+11;464548087;2026-05-03 12:27:29;2026-05-03 12:27:44;213.220.65.208;;;;;18 ára eða yngri.;oft gervigreind.;ChatGPT;;nota ég ýmist íslensku eða ensku.;
1,19112E+11;464548087;2026-05-03 12:27:04;2026-05-03 12:27:24;82.112.65.243;;;;;18 ára eða yngri.;stundum gervigreind.;ChatGPT;;nota ég ýmist íslensku eða ensku.;
1,19112E+11;464548087;2026-05-03 12:16:23;2026-05-03 12:16:46;31.209.192.91;;;;;40-49 ára.;oft gervigreind.;ChatGPT;;nota ég ýmist íslensku eða ensku.;
1,19112E+11;464548087;2026-05-03 12:04:42;2026-05-03 12:05:17;89.160.162.156;;;;;50-59 ára.;stundum gervigreind.;Annað, hvað?;Copilot;nota ég íslensku.;
1,19112E+11;464548087;2026-05-03 11:31:15;2026-05-03 11:31:55;194.105.229.202;;;;;19-29 ára.;aldrei gervigreind.;;;;
1,19112E+11;464548087;2026-05-03 11:29:52;2026-05-03 11:30:19;81.15.105.197;;;;;19-29 ára.;stundum gervigreind.;ChatGPT;;nota ég íslensku.;
